"product_id","product_name","description","category","brand","price","currency","rating","availability","source_website","source_url","image_url","last_updated","user_id","group_id","final_score","why_best"
"299","Banpresto - One Piece - Monkey D. Luffy Battle Record Collection Figure","NA","NA","NA","22.00","USD","5.00","in_stock","Amazon","https://www.amazon.com/Banpresto-Monkey-Bandai-Spirits-Collection/dp/B0D4YS8XWQ/ref=sr_1_22?dib=eyJ2IjoiMSJ9.Wj1baWcY17ucl47MWgVN8ffAptQu97GZujNedG3GXytY5NcEfxtk35kQcuHMb9dFYqXvLyhn4FOkcOcs4WtnHrS9h7XsnPxDeGKkZj7IFg-klbyU_HHyK_zMDJ3SLWoUx0pJjGzH5f0sr1nT5aVqHd2ZtKhwgLROnhGYYsZve-oIFklUBrBGQAk_gwetgAtd-Go54L5ExNLjyoyLTRzjGBqBeiBAkbC5okWK4lO1OEFFigZQSM5GyK4dFYKvYtrqdgoZjlyM6_T2H2ID_m5xSme-W5MtDES0ki7KNvqoGRk.g_hbP17WP-iamHlnmRxyoYgFLCfARAgdzmcUrIVNGSI&dib_tag=se&keywords=luffy&qid=1745081014&sr=8-22",,"2025-04-19 18:43:51","0",,"0.9999510","This product stood out due to its high rating of 5.00, reflecting strong user satisfaction. It also offers good value at ₱22.00, making it more affordable compared to others in its category. Being listed on Amazon, a platform with a trust score of 1.00, adds to its reliability. Availability is also a plus, as the item is currently in stock."
"1497","ROSMAR KAGAYAKU Whipped Lotion with SPF 60 - 250ml 1","NA","NA","NA","17.00","USD","3.70","in_stock","Amazon","https://www.amazon.com/ROSMAR-KAGAYAKU-Whipped-Lotion-SPF/dp/B0BB8YCN78/ref=sr_1_1?dib=eyJ2IjoiMSJ9.R_UGaewL_CbjROgwi9k20lFdHG06IoOfP1b2Xud6pRc.uJmTxFvwFThk3_XI3faLm0BntExWM8wX2d9qCHwAZTU&dib_tag=se&keywords=rosmar+makeup&qid=1745126487&sr=8-1",,"2025-04-20 07:21:30","1","f3d0d129aa","0.7000000","This product stood out due to its high rating of 3.70, reflecting strong user satisfaction. It also offers good value at ₱17.00, making it more affordable compared to others in its category. Being listed on Amazon, a platform with a trust score of 1.00, adds to its reliability. Availability is also a plus, as the item is currently in stock."
"1498","MAJA Compact Tostado, 0.5 Ounce","NA","NA","NA","9.00","USD","4.60","in_stock","Amazon","https://www.amazon.com/Maja-Compact-Tostado-0-5-Ounce/dp/B0014ZJFNI/ref=sr_1_2?dib=eyJ2IjoiMSJ9.R_UGaewL_CbjROgwi9k20lFdHG06IoOfP1b2Xud6pRc.uJmTxFvwFThk3_XI3faLm0BntExWM8wX2d9qCHwAZTU&dib_tag=se&keywords=rosmar+makeup&qid=1745126487&sr=8-2",,"2025-04-20 07:21:30","1","c85acc30a5","0.7000000","This product stood out due to its high rating of 4.60, reflecting strong user satisfaction. It also offers good value at ₱9.00, making it more affordable compared to others in its category. Being listed on Amazon, a platform with a trust score of 1.00, adds to its reliability. Availability is also a plus, as the item is currently in stock."
"1457","ROSMAR Keramist Hair Perfume w/ Argan Oil Treatment Anti Frizz Anti Dandruff Damage Hair","NA","NA","Rosmar Skin Essentials","98.00","PHP","4.75","in_stock","Shopee","https://shopee.ph/product/7786415/25608321922",,"2025-04-20 07:20:44","1","52e5b1930a","0.6925000","This product stood out due to its high rating of 4.75, reflecting strong user satisfaction. It also offers good value at ₱98.00, making it more affordable compared to others in its category. Being listed on Shopee, a platform with a trust score of 0.95, adds to its reliability. Availability is also a plus, as the item is currently in stock."
"1458","ROSMAR 99 Tone Adapt Sunscreen SPF 50 | 30 ml  99 Pesos Sun Protection Sunblock For All Skin Type","NA","NA","Rosmar","95.00","PHP","4.74","in_stock","Shopee","https://shopee.ph/product/7786415/24121508828",,"2025-04-20 07:20:45","1","5d0d594546","0.6925000","This product stood out due to its high rating of 4.74, reflecting strong user satisfaction. It also offers good value at ₱95.00, making it more affordable compared to others in its category. Being listed on Shopee, a platform with a trust score of 0.95, adds to its reliability. Availability is also a plus, as the item is currently in stock."
"1459","Buy1 Get 2 Rosmar Kagayaku | Underarm Whitening Cream | Inguinal & Butt Whitening Cream FREE TINTADO","NA","NA","Rosmar Skin Essentials","250.00","PHP","4.72","in_stock","Shopee","https://shopee.ph/product/1074361649/24810385078",,"2025-04-20 07:20:45","1","7036067ab0","0.6925000","This product stood out due to its high rating of 4.72, reflecting strong user satisfaction. It also offers good value at ₱250.00, making it more affordable compared to others in its category. Being listed on Shopee, a platform with a trust score of 0.95, adds to its reliability. Availability is also a plus, as the item is currently in stock."
"1460","Rosmar Collagen Lip and Tint - Buy 1 Take 1 Collatint (New Packaging)","NA","NA","Rosmar","97.00","PHP","4.88","in_stock","Shopee","https://shopee.ph/product/1257811163/26727041645",,"2025-04-20 07:20:46","1","57a5ab4767","0.6925000","This product stood out due to its high rating of 4.88, reflecting strong user satisfaction. It also offers good value at ₱97.00, making it more affordable compared to others in its category. Being listed on Shopee, a platform with a trust score of 0.95, adds to its reliability. Availability is also a plus, as the item is currently in stock."
"1461","Rosmar Milkshake Lip Tint 10ml | Lip and Cheek Tint | Lip Stain","NA","NA","Rosmar Skin Essentials","39.00","PHP","4.56","in_stock","Shopee","https://shopee.ph/product/58893952/23839680121",,"2025-04-20 07:20:46","1","7e427550c9","0.6925000","This product stood out due to its high rating of 4.56, reflecting strong user satisfaction. It also offers good value at ₱39.00, making it more affordable compared to others in its category. Being listed on Shopee, a platform with a trust score of 0.95, adds to its reliability. Availability is also a plus, as the item is currently in stock."
"1462","Buy 1 Take 1 ROSMAR Intense Whitening Body Lotion 250 ML 10x Instant Whitening Affordable","NA","NA","Rosmar","180.00","PHP","4.80","in_stock","Shopee","https://shopee.ph/product/7786415/24863944477",,"2025-04-20 07:20:47","1","e1f6f2011f","0.6925000","This product stood out due to its high rating of 4.80, reflecting strong user satisfaction. It also offers good value at ₱180.00, making it more affordable compared to others in its category. Being listed on Shopee, a platform with a trust score of 0.95, adds to its reliability. Availability is also a plus, as the item is currently in stock."
"1463","Rosmar bleaching  whipped SCRUB","NA","NA","Rosmar","91.00","PHP","4.79","in_stock","Shopee","https://shopee.ph/product/14703524/17176763507",,"2025-04-20 07:20:47","1","17be1d5735","0.6925000","This product stood out due to its high rating of 4.79, reflecting strong user satisfaction. It also offers good value at ₱91.00, making it more affordable compared to others in its category. Being listed on Shopee, a platform with a trust score of 0.95, adds to its reliability. Availability is also a plus, as the item is currently in stock."
"1464","Buy 1 Take 1 Rosmar Underarm Cream & Inguinal Butt Cream | Pampaputi Pampakinis Rosmar Lang Malakas","NA","NA","Rosmar Skin Essentials","299.00","PHP","4.67","in_stock","Shopee","https://shopee.ph/product/7786415/25628404654",,"2025-04-20 07:20:48","1","0e973034cd","0.6925000","This product stood out due to its high rating of 4.67, reflecting strong user satisfaction. It also offers good value at ₱299.00, making it more affordable compared to others in its category. Being listed on Shopee, a platform with a trust score of 0.95, adds to its reliability. Availability is also a plus, as the item is currently in stock."
"1465","Rosmar Kagayaku Facial Whitening Set New and Improved | Maintenance Set","NA","NA","Rosmar Skin Essentials","189.00","PHP","4.80","in_stock","Shopee","https://shopee.ph/product/1074361649/16599126254",,"2025-04-20 07:20:48","1","788deaf69e","0.6925000","This product stood out due to its high rating of 4.80, reflecting strong user satisfaction. It also offers good value at ₱189.00, making it more affordable compared to others in its category. Being listed on Shopee, a platform with a trust score of 0.95, adds to its reliability. Availability is also a plus, as the item is currently in stock."
"1466","ROSMAR 24 Karat Lip and Cheek Serum Lip tint | BUY 1 TAKE 1 | Glossy Shimmering Lips","NA","NA","Rosmar Skin Essentials","88.00","PHP","4.83","in_stock","Shopee","https://shopee.ph/product/7786415/23633168385",,"2025-04-20 07:20:49","1","cb86e34de2","0.6925000","This product stood out due to its high rating of 4.83, reflecting strong user satisfaction. It also offers good value at ₱88.00, making it more affordable compared to others in its category. Being listed on Shopee, a platform with a trust score of 0.95, adds to its reliability. Availability is also a plus, as the item is currently in stock."
"1467","BUY 1 TAKE 1 ROSMAR COLLATINT ROLL w/ Collagen (Lip and Tint) Liptint Long Lasting Waterproof","NA","NA","Rosmar Skin Essentials","49.00","PHP","4.45","in_stock","Shopee","https://shopee.ph/product/909726247/28853047661",,"2025-04-20 07:20:49","1","c4e0ebe5d1","0.6925000","This product stood out due to its high rating of 4.45, reflecting strong user satisfaction. It also offers good value at ₱49.00, making it more affordable compared to others in its category. Being listed on Shopee, a platform with a trust score of 0.95, adds to its reliability. Availability is also a plus, as the item is currently in stock."
"1468","Buy1 Get1 Rosmar New Collatint | 24k Lip &Cheek Serum Long Lasting Pigmented Liptint Lipstick","NA","NA","Rosmar Skin Essentials","140.00","PHP","4.84","in_stock","Shopee","https://shopee.ph/product/1074361649/22958627510",,"2025-04-20 07:20:50","1","6f1ae9bb02","0.6925000","This product stood out due to its high rating of 4.84, reflecting strong user satisfaction. It also offers good value at ₱140.00, making it more affordable compared to others in its category. Being listed on Shopee, a platform with a trust score of 0.95, adds to its reliability. Availability is also a plus, as the item is currently in stock."
"1469","ROSMAR Natnat Condensada Milky Lotion SPF 60","NA","NA","Rosmar","130.00","PHP","4.83","in_stock","Shopee","https://shopee.ph/product/7786415/20356537277",,"2025-04-20 07:20:50","1","abbbc45f6b","0.6925000","This product stood out due to its high rating of 4.83, reflecting strong user satisfaction. It also offers good value at ₱130.00, making it more affordable compared to others in its category. Being listed on Shopee, a platform with a trust score of 0.95, adds to its reliability. Availability is also a plus, as the item is currently in stock."
"1470","Rosmar Lotion 250ml SPF 60","NA","NA","Rosmar Skin Essentials","179.00","PHP","4.79","in_stock","Shopee","https://shopee.ph/product/479013194/25667928564",,"2025-04-20 07:20:51","1","5f1858e261","0.6925000","This product stood out due to its high rating of 4.79, reflecting strong user satisfaction. It also offers good value at ₱179.00, making it more affordable compared to others in its category. Being listed on Shopee, a platform with a trust score of 0.95, adds to its reliability. Availability is also a plus, as the item is currently in stock."
"1471","Rosmar Kagayaku Glutathione Slimming & Whitening Sun Protect 750mg 60 Capsules","NA","NA","Rosmar","199.00","PHP","4.75","in_stock","Shopee","https://shopee.ph/product/55733988/16274233575",,"2025-04-20 07:20:51","1","71ce6ebefb","0.6925000","This product stood out due to its high rating of 4.75, reflecting strong user satisfaction. It also offers good value at ₱199.00, making it more affordable compared to others in its category. Being listed on Shopee, a platform with a trust score of 0.95, adds to its reliability. Availability is also a plus, as the item is currently in stock."
"1472","Rosmar Trio Set of Soap | Condensada | Bleaching | Hydra | Gluta | Bubblegum | Kojic | Madre Cacao","NA","NA","Rosmar","20.00","PHP","4.71","in_stock","Shopee","https://shopee.ph/product/23053955/17298868309",,"2025-04-20 07:20:52","1","f461ca57a7","0.6925000","This product stood out due to its high rating of 4.71, reflecting strong user satisfaction. It also offers good value at ₱20.00, making it more affordable compared to others in its category. Being listed on Shopee, a platform with a trust score of 0.95, adds to its reliability. Availability is also a plus, as the item is currently in stock."
"1473","NATNAT by ROSMAR Condensada All in one Whitening Cream | BUY 1 TAKE 1 | for pekas melasma freckles","NA","NA","Rosmar Skin Essentials","120.00","PHP","4.78","in_stock","Shopee","https://shopee.ph/product/7786415/25873737615",,"2025-04-20 07:20:52","1","aa0c3af991","0.6925000","This product stood out due to its high rating of 4.78, reflecting strong user satisfaction. It also offers good value at ₱120.00, making it more affordable compared to others in its category. Being listed on Shopee, a platform with a trust score of 0.95, adds to its reliability. Availability is also a plus, as the item is currently in stock."
"1474","Buy1 Get1 Rosmar Milky Melon | Rosmar Products","NA","NA","Rosmar Skin Essentials","345.00","PHP","4.85","in_stock","Shopee","https://shopee.ph/product/1074361649/19885197143",,"2025-04-20 07:20:53","1","059a039df3","0.6925000","This product stood out due to its high rating of 4.85, reflecting strong user satisfaction. It also offers good value at ₱345.00, making it more affordable compared to others in its category. Being listed on Shopee, a platform with a trust score of 0.95, adds to its reliability. Availability is also a plus, as the item is currently in stock."
"1475","Buy1 Get1 | Rosmar 6in1 Hydraglass Skin Set Rejuvenating Rejuv Maintenance Glass Skin Pekas Set","NA","NA","Rosmar Skin Essentials","249.00","PHP","4.76","in_stock","Shopee","https://shopee.ph/product/1074361649/25433263808",,"2025-04-20 07:20:54","1","756b1f4853","0.6925000","This product stood out due to its high rating of 4.76, reflecting strong user satisfaction. It also offers good value at ₱249.00, making it more affordable compared to others in its category. Being listed on Shopee, a platform with a trust score of 0.95, adds to its reliability. Availability is also a plus, as the item is currently in stock."
"1476","Buy 1 Take 1 Rosmar Tintado Soft Matte LipCream Lip Mousse Moisturizing Long Lasting B1G1","NA","NA","Rosmar Skin Essentials","100.00","PHP","4.72","in_stock","Shopee","https://shopee.ph/product/1074361649/21685199814",,"2025-04-20 07:20:54","1","ebfe14c601","0.6925000","This product stood out due to its high rating of 4.72, reflecting strong user satisfaction. It also offers good value at ₱100.00, making it more affordable compared to others in its category. Being listed on Shopee, a platform with a trust score of 0.95, adds to its reliability. Availability is also a plus, as the item is currently in stock."
"1477","HH Original Rosmar Kagayaku Peeling Lotion Instant Whitening 100 ml","NA","NA",,"49.00","PHP","4.35","in_stock","Shopee","https://shopee.ph/product/442987504/18495630833",,"2025-04-20 07:20:55","1","1ff007a135","0.6925000","This product stood out due to its high rating of 4.35, reflecting strong user satisfaction. It also offers good value at ₱49.00, making it more affordable compared to others in its category. Being listed on Shopee, a platform with a trust score of 0.95, adds to its reliability. Availability is also a plus, as the item is currently in stock."
"1478","BUY 1 TAKE 1 ROSMAR COLLATINT (NEW PACKAGING)","NA","NA","Rosmar Skin Essentials","95.00","PHP","4.73","in_stock","Shopee","https://shopee.ph/product/479013194/27951530332",,"2025-04-20 07:20:55","1","d7a5a11b13","0.6925000","This product stood out due to its high rating of 4.73, reflecting strong user satisfaction. It also offers good value at ₱95.00, making it more affordable compared to others in its category. Being listed on Shopee, a platform with a trust score of 0.95, adds to its reliability. Availability is also a plus, as the item is currently in stock."
"1479","ROSMAR MILKSHAKE LIP TINT and TINTADOS","NA","NA","Rosmar Skin Essentials","39.00","PHP","4.86","in_stock","Shopee","https://shopee.ph/product/834310659/20279630751",,"2025-04-20 07:20:56","1","9f54946bf4","0.6925000","This product stood out due to its high rating of 4.86, reflecting strong user satisfaction. It also offers good value at ₱39.00, making it more affordable compared to others in its category. Being listed on Shopee, a platform with a trust score of 0.95, adds to its reliability. Availability is also a plus, as the item is currently in stock."
"1480","ROSMAR Kagayaku 24 Hour Rejuvenating Set | Rejuv","NA","NA","Rosmar Skin Essentials","125.00","PHP","4.74","in_stock","Shopee","https://shopee.ph/product/7786415/18034382419",,"2025-04-20 07:20:56","1","4d6691236c","0.6925000","This product stood out due to its high rating of 4.74, reflecting strong user satisfaction. It also offers good value at ₱125.00, making it more affordable compared to others in its category. Being listed on Shopee, a platform with a trust score of 0.95, adds to its reliability. Availability is also a plus, as the item is currently in stock."
"1481","BUY1 TAKE 1 ROSMAR COLLATINT & 24K LIPTINT 5ml","NA","NA","Rosmar Skin Essentials","95.00","PHP","4.77","in_stock","Shopee","https://shopee.ph/product/64559514/24961272532",,"2025-04-20 07:20:57","1","8e6b5f3644","0.6925000","This product stood out due to its high rating of 4.77, reflecting strong user satisfaction. It also offers good value at ₱95.00, making it more affordable compared to others in its category. Being listed on Shopee, a platform with a trust score of 0.95, adds to its reliability. Availability is also a plus, as the item is currently in stock."
"1482","BUY1 TAKE 1 - TINTADO BY ROSMAR ROSTHAN NATNAT","NA","NA","Rosmar","100.00","PHP","4.40","in_stock","Shopee","https://shopee.ph/product/189582/22140056149",,"2025-04-20 07:20:57","1","7bc27461f2","0.6925000","This product stood out due to its high rating of 4.40, reflecting strong user satisfaction. It also offers good value at ₱100.00, making it more affordable compared to others in its category. Being listed on Shopee, a platform with a trust score of 0.95, adds to its reliability. Availability is also a plus, as the item is currently in stock."
"1483","ROSMAR 99 SNAIL WHITE SOAP | 10X INSTANT WHITENING LEGIT AND ORIGINAL REMOVES FRECKLES ACNE PIMPLES","NA","NA","Rosmar","49.00","PHP","4.76","in_stock","Shopee","https://shopee.ph/product/7786415/24916640157",,"2025-04-20 07:20:58","1","7e2b835579","0.6925000","This product stood out due to its high rating of 4.76, reflecting strong user satisfaction. It also offers good value at ₱49.00, making it more affordable compared to others in its category. Being listed on Shopee, a platform with a trust score of 0.95, adds to its reliability. Availability is also a plus, as the item is currently in stock."
"1484","Rosmar Mini Perfume Eau De Parfume Longlasting Travel Size Roll On Perfume Men and Woman","NA","NA","Rosmar Skin Essentials","63.00","PHP","4.74","in_stock","Shopee","https://shopee.ph/product/1074361649/12099238345",,"2025-04-20 07:20:58","1","7f2f2abe87","0.6925000","This product stood out due to its high rating of 4.74, reflecting strong user satisfaction. It also offers good value at ₱63.00, making it more affordable compared to others in its category. Being listed on Shopee, a platform with a trust score of 0.95, adds to its reliability. Availability is also a plus, as the item is currently in stock."
"1485","Buy1 Get1 Rosmar Perfume | Beauty & Brain | Nathan Perfume | Loyal | Rosmar Skin Essentials","NA","NA","Rosmar Skin Essentials","180.00","PHP","4.50","in_stock","Shopee","https://shopee.ph/product/1074361649/25060082459",,"2025-04-20 07:20:59","1","3ef7189619","0.6925000","This product stood out due to its high rating of 4.50, reflecting strong user satisfaction. It also offers good value at ₱180.00, making it more affordable compared to others in its category. Being listed on Shopee, a platform with a trust score of 0.95, adds to its reliability. Availability is also a plus, as the item is currently in stock."
"1486","‼️ LOWEST ROSMAR 24 KARAT LIP AND CHEEK SERUM & MILKSHAKE TINT 10ML","NA","NA","Rosmar","37.00","PHP","4.73","in_stock","Shopee","https://shopee.ph/product/121435997/18487952393",,"2025-04-20 07:20:59","1","ad93e917e5","0.6925000","This product stood out due to its high rating of 4.73, reflecting strong user satisfaction. It also offers good value at ₱37.00, making it more affordable compared to others in its category. Being listed on Shopee, a platform with a trust score of 0.95, adds to its reliability. Availability is also a plus, as the item is currently in stock."
"1487","XPOS Original Rosmar 24 Karat Lip and Cheek Serum 10ml WITH FREEBIES","NA","NA","Rosmar Skin Essentials","79.00","PHP","4.48","in_stock","Shopee","https://shopee.ph/product/58893952/22434499779",,"2025-04-20 07:21:00","1","1b158617d8","0.6925000","This product stood out due to its high rating of 4.48, reflecting strong user satisfaction. It also offers good value at ₱79.00, making it more affordable compared to others in its category. Being listed on Shopee, a platform with a trust score of 0.95, adds to its reliability. Availability is also a plus, as the item is currently in stock."
"1488","ROSMAR SKIN ESSENTIALS Milkshake Lip Tint | Long-Lasting & Hydrating Lip Color | Lightweight, Build","NA","NA","Rosmar Skin Essentials","49.00","PHP","4.33","in_stock","Shopee","https://shopee.ph/product/319401840/27324353755",,"2025-04-20 07:21:00","1","aa2b5c7114","0.6925000","This product stood out due to its high rating of 4.33, reflecting strong user satisfaction. It also offers good value at ₱49.00, making it more affordable compared to others in its category. Being listed on Shopee, a platform with a trust score of 0.95, adds to its reliability. Availability is also a plus, as the item is currently in stock."
"1489","ROSMAR Kagayaku Trio Serum Lotion 250 ML | 3 pcs BUNDLE | 20x Intense Whitening","NA","NA","Rosmar Skin Essentials","149.00","PHP","4.83","in_stock","Shopee","https://shopee.ph/product/7786415/25338890432",,"2025-04-20 07:21:01","1","9d1523bfea","0.6925000","This product stood out due to its high rating of 4.83, reflecting strong user satisfaction. It also offers good value at ₱149.00, making it more affordable compared to others in its category. Being listed on Shopee, a platform with a trust score of 0.95, adds to its reliability. Availability is also a plus, as the item is currently in stock."
"1490","Rosmar Bleaching Scrub 100g","NA","NA","Rosmar Skin Essentials","100.00","PHP","4.73","in_stock","Shopee","https://shopee.ph/product/479013194/25567929140",,"2025-04-20 07:21:01","1","5a5ab7c47e","0.6925000","This product stood out due to its high rating of 4.73, reflecting strong user satisfaction. It also offers good value at ₱100.00, making it more affordable compared to others in its category. Being listed on Shopee, a platform with a trust score of 0.95, adds to its reliability. Availability is also a plus, as the item is currently in stock."
"1491","Rosmar Milkshake Tint | Liptint | Cheektint | Rosmar Skin Essentials Products","NA","NA","Rosmar Skin Essentials","49.00","PHP","4.75","in_stock","Shopee","https://shopee.ph/product/1074361649/22782788909",,"2025-04-20 07:21:02","1","1a1107a2d5","0.6925000","This product stood out due to its high rating of 4.75, reflecting strong user satisfaction. It also offers good value at ₱49.00, making it more affordable compared to others in its category. Being listed on Shopee, a platform with a trust score of 0.95, adds to its reliability. Availability is also a plus, as the item is currently in stock."
"1492","Rosmar Kojic Pekas Cream & Pekas Spray Melasma Whitening Acne Scars Combo Maintenance","NA","NA","Rosmar Skin Essentials","99.00","PHP","4.76","in_stock","Shopee","https://shopee.ph/product/1074361649/24182966407",,"2025-04-20 07:21:02","1","f49021367d","0.6925000","This product stood out due to its high rating of 4.76, reflecting strong user satisfaction. It also offers good value at ₱99.00, making it more affordable compared to others in its category. Being listed on Shopee, a platform with a trust score of 0.95, adds to its reliability. Availability is also a plus, as the item is currently in stock."
"1493","ROSMAR Kagayaku Capsule | BUY 1 TAKE 1 | Slimming and Whitening | Anti Aging","NA","NA","Rosmar","345.00","PHP","4.74","in_stock","Shopee","https://shopee.ph/product/7786415/24069102429",,"2025-04-20 07:21:03","1","490ffbd0e2","0.6925000","This product stood out due to its high rating of 4.74, reflecting strong user satisfaction. It also offers good value at ₱345.00, making it more affordable compared to others in its category. Being listed on Shopee, a platform with a trust score of 0.95, adds to its reliability. Availability is also a plus, as the item is currently in stock."
"1494","Buy1 Get1Rosmar Collatint Lip & Cheek Tint w/ cooling effect","NA","NA","Rosmar Skin Essentials","91.00","PHP","4.74","in_stock","Shopee","https://shopee.ph/product/1074361649/22856852087",,"2025-04-20 07:21:04","1","504c415156","0.6925000","This product stood out due to its high rating of 4.74, reflecting strong user satisfaction. It also offers good value at ₱91.00, making it more affordable compared to others in its category. Being listed on Shopee, a platform with a trust score of 0.95, adds to its reliability. Availability is also a plus, as the item is currently in stock."
"1495","Rosmar Kagayaku Glutathione 750mg Whitening & Slimming Capsule","NA","NA","Rosmar","320.00","PHP","4.77","in_stock","Shopee","https://shopee.ph/product/15546565/20027394693",,"2025-04-20 07:21:04","1","c75e0cbfe8","0.6925000","This product stood out due to its high rating of 4.77, reflecting strong user satisfaction. It also offers good value at ₱320.00, making it more affordable compared to others in its category. Being listed on Shopee, a platform with a trust score of 0.95, adds to its reliability. Availability is also a plus, as the item is currently in stock."
"1496","ROSMAR 99 Tone Adapt Tinted Sunscreen | 99skincare","NA","NA","Rosmar","99.00","PHP","4.69","in_stock","Shopee","https://shopee.ph/product/189582/24563609790",,"2025-04-20 07:21:05","1","9191a5387e","0.6925000","This product stood out due to its high rating of 4.69, reflecting strong user satisfaction. It also offers good value at ₱99.00, making it more affordable compared to others in its category. Being listed on Shopee, a platform with a trust score of 0.95, adds to its reliability. Availability is also a plus, as the item is currently in stock."
"1450","Rosmar 24 Karat Lip & Cheek Serum, 5ml","NA","NA","NA","624.12","PHP","0.00","in_stock","eBay","https://www.ebay.ph/itm/404298269064?_skw=rosmar+makeup&itmmeta=01JS8T6DFXPVY6KTS4Q6KYMFZK&hash=item5e220e0188:g:rqgAAOSwqD1nPCOu&itmprp=enc%3AAQAKAAAA0FkggFvd1GGDu0w3yXCmi1cB2eQowXXj%2FA5GU4ht9KwohRFuGMdPPOGIr3AE7rtZu6fJMho0IrCB6ziXmmrqBS4wkQJ%2F5o3Q1aIh7Z97ojOyrs%2Fq9yS2frAButinLFp4XCa6mCCk5Ow5iA8qERIeopYlliE3EuRM1shsNDfN7QRNAuoqgLfvedNefbC1cvPbxXKmgqPLZe16lOlzCAmd4LXkSKAujSJK7dfI62eXU3U9HlfyHFDXb37v7cwdHBSws7zMHFBs2MKhMTxhqpR%2Fa3I%3D%7Ctkp%3ABk9SR4TYmZrKZQ",,"2025-04-20 07:19:48","1","6de353e432","0.1775000","This product stood out due to its high rating of 0.00, reflecting strong user satisfaction. It also offers good value at ₱624.12, making it more affordable compared to others in its category. Being listed on eBay, a platform with a trust score of 0.85, adds to its reliability. Availability is also a plus, as the item is currently in stock."
"1451","Tintado By Rosmar","NA","NA","NA","2269.52","PHP","0.00","in_stock","eBay","https://www.ebay.ph/itm/314952588920?_skw=rosmar+makeup&itmmeta=01JS8T6DFX0A6ED00BGFCCZXWR&hash=item4954a31e78:g:1M4AAOSwAE5lTam~&itmprp=enc%3AAQAKAAAA0FkggFvd1GGDu0w3yXCmi1fG5IDl8YWpXDxlvqtS1mRUoiE1Y%2B754FsC09NzkEeiaj560Eo2xwLeOJn6nLKNdVfjf1WU2uQMD%2BVqqI33Cve%2FMiJdwZwcZqHsrUguOGv8gBmxs7BulCK9Vd3LZSGygd6Ofpn%2BzDra8cRUcxjIom98EPNxnp6Vcr%2F1iyXqtdbHGj2ZyPu3kKBIVqivmlrpw9gr3CUf0LYMkJDhEzk1CjHRZodAX9fbjUYDYiq3ye6yTJuE53s7z7rcI3kYl8qE5Qg%3D%7Ctkp%3ABk9SR4TYmZrKZQ",,"2025-04-20 07:19:49","1","4b63ed7f71","0.1775000","This product stood out due to its high rating of 0.00, reflecting strong user satisfaction. It also offers good value at ₱2,269.52, making it more affordable compared to others in its category. Being listed on eBay, a platform with a trust score of 0.85, adds to its reliability. Availability is also a plus, as the item is currently in stock."
"1452","Podesora By Rosmar","NA","NA","NA","2269.52","PHP","0.00","in_stock","eBay","https://www.ebay.ph/itm/314952601611?_skw=rosmar+makeup&itmmeta=01JS8T6DFY2MT8Q125SCP5RC3D&hash=item4954a3500b:g:n60AAOSwcDVlTayg&itmprp=enc%3AAQAKAAAA8FkggFvd1GGDu0w3yXCmi1e6BQE%2Fr7UOVRwgb2Tl8iULO9NGI9MYHX2UrzYI7d7BNHFQKHHwr%2B9MBcvTfdfwaQEQrIAjyf6vXPAMRGAZmPDKuhNRAfPsnPA6VO%2FFgbjC66YoBQNLk7Z2HspFLNYRADD355TC%2FtdezNdC4LeRoMWbb3pyKaaqV9Z%2FKCDAUWh%2Bboq7itvsg9HW5wwWMF2VVjjf7LVBSwOKtSb%2BEYIbUMyAF%2B6OF397M5DSpuzB4YT9LbzPl%2FCkS9%2BJnC1JH%2Ff0yhq7WgWn1gqOQViFn5m2dvFKQtqWaXUIGFgRYB3NMgUDXQ%3D%3D%7Ctkp%3ABk9SR4TYmZrKZQ",,"2025-04-20 07:19:49","1","342da589a5","0.1775000","This product stood out due to its high rating of 0.00, reflecting strong user satisfaction. It also offers good value at ₱2,269.52, making it more affordable compared to others in its category. Being listed on eBay, a platform with a trust score of 0.85, adds to its reliability. Availability is also a plus, as the item is currently in stock."
"1453","Collatint By Rosmar , 5ml X 2 Bottles","NA","NA","NA","1248.24","PHP","0.00","in_stock","eBay","https://www.ebay.ph/itm/315061804327?_skw=rosmar+makeup&itmmeta=01JS8T6DFYVBZBMAXEKMEWP662&hash=item495b259d27:g:hyYAAOSwftRljxep&itmprp=enc%3AAQAKAAAA0FkggFvd1GGDu0w3yXCmi1fjszjfRCtgPeqmovF10qgdAIPVI7iFyK8ALMJ%2BT0lGHDId2liyS8RceiG37Vjoj%2FEq06wT0JASbraXPoadY8zMZxaYkpZX5GYCyBEf5mufQwq3NR2mn%2FRbQme4gj0ISyveGkmqKlPXW5X9C2v94fUHEkw2%2FJHdQNF8V2v33ZDtdUHIysnrgFVSwqU9OqdAA5TCwSYRseVx%2FgMnPKVNmn3kPUeUt%2B3bWhsxtL0n3GMpLB%2BG0vy2RumROlfEnmg%2Bg6g%3D%7Ctkp%3ABk9SR4TYmZrKZQ",,"2025-04-20 07:19:50","1","fc85b99037","0.1775000","This product stood out due to its high rating of 0.00, reflecting strong user satisfaction. It also offers good value at ₱1,248.24, making it more affordable compared to others in its category. Being listed on eBay, a platform with a trust score of 0.85, adds to its reliability. Availability is also a plus, as the item is currently in stock."
"1454","2x Rosmar 24Karat Lip & Cheek Serum 5ml (in new tube/container)","NA","NA","NA","1281.71","PHP","0.00","in_stock","eBay","https://www.ebay.ph/itm/405706031212?_skw=rosmar+makeup&itmmeta=01JS8T6DFY8N3RMY9SSF365HA5&hash=item5e75f6c06c:g:d6oAAOSw3BhlmYLd&itmprp=enc%3AAQAKAAAA8FkggFvd1GGDu0w3yXCmi1caBKeFiTuhsREpWdud03oWS3gK25Iukdc80gcphlytSdkMGai%2FAsnXpsVJusKj2YdwfLDFpVkwT5UeflHMIzvEswMGD5tQq9no02AZJsn%2BEImycbkD7CMT3Y%2FcCVCUcpwaMDLJTkxml7Mvd%2FhB2LpgMO%2BI%2B0AzHHtSZxGtnDJwdVjmCv%2FsS3OkOT5rFl4E0R3l7yo3ALBtvWt7oCjiE2iYnCqedkaEqqcvwbcS1SNDNd786StfNqgpbnDrMJcNs%2BQzXdk%2BRF%2FTl%2BRBZeuGvETrD683O%2BN2JRrt0Ev6tYah3Q%3D%3D%7Ctkp%3ABk9SR4TYmZrKZQ",,"2025-04-20 07:19:50","1","09cfe0172e","0.1775000","This product stood out due to its high rating of 0.00, reflecting strong user satisfaction. It also offers good value at ₱1,281.71, making it more affordable compared to others in its category. Being listed on eBay, a platform with a trust score of 0.85, adds to its reliability. Availability is also a plus, as the item is currently in stock."
"1455","Rosmar Milkshake Liptint (Strawberry)","NA","NA","NA","549.96","PHP","0.00","in_stock","eBay","https://www.ebay.ph/itm/145317340479?_skw=rosmar+makeup&itmmeta=01JS8T6DFY6DBJR9JAWRRSD7FH&hash=item21d596a53f:g:z08AAOSwRNtlDEVy&itmprp=enc%3AAQAKAAAA0FkggFvd1GGDu0w3yXCmi1fMHWTaIDS4dxmh2dpdkqaCj%2BDDSlCaEtrXwVKuZwwHslIKxL8BzZCNuG2FPt7j5p8BNxvmVuImMt9FrgtdlJXD%2FXYPZBoF0Hp%2FnqeLDpf4FdjqVbXkCfVc21T0Raj53FtSgCy1CrUrCQPoKjYaXNcz5m7fiqtvKezeL%2BGq3jU7cukNNHXayzDGvu2m2dqGNqAkXFpClOZezDcJ0GG9HF4kvVQnFftwQqWFjQZVOek4Yx%2Brv2q3d4s4Sq%2FLh87FMhs%3D%7Ctkp%3ABk9SR4TYmZrKZQ",,"2025-04-20 07:19:51","1","819a8cf3d7","0.1775000","This product stood out due to its high rating of 0.00, reflecting strong user satisfaction. It also offers good value at ₱549.96, making it more affordable compared to others in its category. Being listed on eBay, a platform with a trust score of 0.85, adds to its reliability. Availability is also a plus, as the item is currently in stock."
"1499","New Jelly Mirror Lip Glaze Transparent Water Glossy Lipgloss Mokka Brown Liquid Lipstick Moisturizing Lasting Red Lip Tint Stain","NA","NA","Boutique Beauty Store","2.48","CHF","3.70","in_stock","AliExpress","https://www.aliexpress.com/item/1005006725886383.html","https://ae-pic-a1.aliexpress-media.com/kf/S07492367823f41698250a4e7701a54de7.jpg","2025-04-20 07:21:33","1","29f0e1d3f7","0.6730000","This product stood out due to its high rating of 3.70, reflecting strong user satisfaction. It also offers good value at ₱2.48, making it more affordable compared to others in its category. Being listed on AliExpress, a platform with a trust score of 0.82, adds to its reliability. Availability is also a plus, as the item is currently in stock."
"1500","RHODE Makeup Cheek Blush Cream Blusher Stick Lipgloss Handyhülle für iPhone New Toast SALTY TAN Raspberry Espresso Lipstick INS","NA","NA","Shop1104068402 Store","2.80","CHF","4.70","in_stock","AliExpress","https://www.aliexpress.com/item/1005008190729004.html","https://ae-pic-a1.aliexpress-media.com/kf/S0b721f2c27314ecba63dc30468ff600aT.jpg","2025-04-20 07:21:34","1","3dfb33c111","0.6730000","This product stood out due to its high rating of 4.70, reflecting strong user satisfaction. It also offers good value at ₱2.80, making it more affordable compared to others in its category. Being listed on AliExpress, a platform with a trust score of 0.82, adds to its reliability. Availability is also a plus, as the item is currently in stock."
"1456","ROSMAR New 4in1 UWU NIACINAMIDE SERUM | AHA BHA & PHA | 30ml","NA","NA","Beauty MNL Shop","129.00","PHP","0.00","in_stock","BeautyMNL","https://beautymanilashop.com/products/rosmar-new-4in1-uwu-niacinamide-serum-aha-bha-pha-30ml?_pos=2&_sid=d859f9a6c&_ss=r",,"2025-04-20 07:19:58","1","fa28e509a7","0.1445000","This product stood out due to its high rating of 0.00, reflecting strong user satisfaction. It also offers good value at ₱129.00, making it more affordable compared to others in its category. Being listed on BeautyMNL, a platform with a trust score of 0.63, adds to its reliability. Availability is also a plus, as the item is currently in stock."
"1612","Green Cross Alcohol 70% With Moisturizer Isopropyl 60ml","NA","NA","Green Cross","23.00","PHP","4.96","in_stock","Shopee","https://shopee.ph/product/126395045/21261232659",,"2025-04-20 07:25:10","1","99a6229d54","0.9881757","This product stood out due to its high rating of 4.96, reflecting strong user satisfaction. It also offers good value at ₱23.00, making it more affordable compared to others in its category. Being listed on Shopee, a platform with a trust score of 0.95, adds to its reliability. Availability is also a plus, as the item is currently in stock."
